{"PM10": [[2.263654591978387, 333.91556961418746], [4.451675339010084, 262.54405334525455], [3.8330298787926522, 351.45587534347993]], "PM2p5": [[0.930398371278328, 340.56171418232566], [1.5794370259299932, 241.96530481490666], [2.4593965303272762, 301.4298037824909]], "SO2": [[0.49187001101177963, 34.39167798179629], [0.5901936198154948, 145.7751251563244], [0.5460187168458105, 26.39485693449752]], "NOX": [[0.33546702485006524, 170.54127715297088], [0.8137244668798428, 347.85752215051843], [1.137405162203812, 248.5286968992524]], "NO": [[0.02564868740037491, 137.3476507745056], [0.008369658969563792, 452.69292980736424], [0.05167303829143092, 91.99425223941918]], "CO": [[54.567950214850576, 25798.80224230128], [139.60713179117892, 11483.80831582609], [54.87032400854754, 13839.015189032589]], "O3": [[1.1164888520275231, 360.19131172983055], [1.351569279969221, 362.7536549440106], [0.8237624481363941, 445.61861903530746]]}